Locus	Cluster
chr11:91721641-91722140	a
chr2:65953665-65954434	b
chr6:72122509-72123076	c
chr9:96783091-96783881	d
chr13:73263251-73264564	a
chr3:53649543-53650618	a
chr7:89353450-89353811	a
chr8:108697550-108698166	b
chr3:93813159-93813702	b
chr12:72263165-72263997	b
chr12:69464392-69465411	c
chr3:84642891-84643316	c
chr9:35789577-35790564	c
chr9:120212839-120213216	d
chr17:26582330-26582671	d
chr10:116995618-116996595	d
chr11:98046336-98047025	d
chr11:100343101-100343938	d
chr11:100592202-100592816	d
chr11:100602820-100603537	d
chr11:100979736-100980184	d
chr11:101078233-101079622	d
chr11:101224415-101224989	d
chr11:101433184-101435029	d
chr11:101480756-101481296	d
chr11:101516068-101516693	d
chr11:101867441-101868244	d
chr11:101965744-101966007	d
chr11:102216137-102217062	d
chr11:102643781-102644454	d
chr11:102940152-102940931	d
